"Title","Writer","Score","Reviewcount","Novel","Genre","n"
"0시를 향하여","애거사 크리스티",0,0,"x","추리",6
"0시를 향하여","애거사 크리스티",7,8,"x","추리",6
"0시를 향하여","애거사 크리스티",7,13,"x","추리",6
"0시를 향하여","애거사 크리스티",7,8,"x","공포",6
"0시를 향하여","애거사 크리스티",7,13,"x","공포",6
"0시를 향하여","애거사 크리스티",0,0,"영미소설","X",6
"1984","조지 오웰",8,3,"x","SF",15
"1984","조지 오웰",10,2,"영미소설","X",15
"1984","조지 오웰",0,0,"영미소설","X",15
"1984","조지 오웰",0,0,"영미소설","X",15
"1984","조지 오웰",9,5,"영미소설","X",15
"1984","조지 오웰",0,0,"영미소설","X",15
"1984","조지 오웰",0,0,"영미소설","X",15
"1984","조지 오웰",0,0,"영미소설","X",15
"1984","조지 오웰",0,0,"영미소설","X",15
"1984","조지 오웰",8,23,"영미소설","X",15
"1984","조지 오웰",0,0,"영미소설","X",15
"1984","조지 오웰",0,0,"영미소설","X",15
"1984","조지 오웰",8,3,"영미소설","X",15
"1984","조지 오웰",10,1,"영미소설","X",15
"1984","조지 오웰",10,1,"영미소설","X",15
"3막의 비극","애거사 크리스티",6,1,"x","추리",9
"3막의 비극","애거사 크리스티",8,1,"x","추리",9
"3막의 비극","애거사 크리스티",0,0,"x","추리",9
"3막의 비극","애거사 크리스티",0,0,"x","추리",9
"3막의 비극","애거사 크리스티",7,14,"x","추리",9
"3막의 비극","애거사 크리스티",0,0,"x","공포",9
"3막의 비극","애거사 크리스티",0,0,"x","공포",9
"3막의 비극","애거사 크리스티",7,14,"x","공포",9
"3막의 비극","애거사 크리스티",8,1,"영미소설","X",9
"ABC 살인사건","애거사 크리스티",8,21,"x","추리",8
"ABC 살인사건","애거사 크리스티",9,1,"x","추리",8
"ABC 살인사건","애거사 크리스티",6,13,"x","추리",8
"ABC 살인사건","애거사 크리스티",8,21,"x","공포",8
"ABC 살인사건","애거사 크리스티",9,1,"x","공포",8
"ABC 살인사건","애거사 크리스티",6,13,"x","공포",8
"ABC 살인사건","애거사 크리스티",8,21,"영미소설","X",8
"ABC 살인사건","애거사 크리스티",6,13,"영미소설","X",8
"X의 비극","엘러리 퀸",8,13,"x","추리",6
"X의 비극","엘러리 퀸",8,4,"x","추리",6
"X의 비극","엘러리 퀸",7,4,"x","추리",6
"X의 비극","엘러리 퀸",8,4,"x","공포",6
"X의 비극","엘러리 퀸",7,4,"x","공포",6
"X의 비극","엘러리 퀸",8,13,"영미소설","X",6
"Y의 비극","엘러리 퀸",8,34,"x","추리",9
"Y의 비극","엘러리 퀸",7,19,"x","추리",9
"Y의 비극","엘러리 퀸",7,11,"x","추리",9
"Y의 비극","엘러리 퀸",7,23,"x","추리",9
"Y의 비극","엘러리 퀸",7,19,"x","공포",9
"Y의 비극","엘러리 퀸",7,11,"x","공포",9
"Y의 비극","엘러리 퀸",7,23,"x","공포",9
"Y의 비극","엘러리 퀸",8,34,"영미소설","X",9
"Y의 비극","엘러리 퀸",7,11,"영미소설","X",9
"Z의 비극","엘러리 퀸",8,7,"x","추리",6
"Z의 비극","엘러리 퀸",6,1,"x","추리",6
"Z의 비극","엘러리 퀸",6,4,"x","추리",6
"Z의 비극","엘러리 퀸",6,1,"x","공포",6
"Z의 비극","엘러리 퀸",6,4,"x","공포",6
"Z의 비극","엘러리 퀸",8,7,"영미소설","X",6
"거울 나라의 앨리스","루이스 캐롤",8,1,"영미소설","X",5
"거울 나라의 앨리스","루이스 캐롤",10,1,"영미소설","X",5
"거울 나라의 앨리스","루이스 캐롤",6,1,"영미소설","X",5
"거울 나라의 앨리스","루이스 캐롤",7,2,"영미소설","X",5
"거울 나라의 앨리스","루이스 캐롤",0,0,"영미소설","X",5
"걸리버 여행기","조나단 스위프트",0,0,"영미소설","X",7
"걸리버 여행기","조나단 스위프트",0,0,"영미소설","X",7
"걸리버 여행기","조나단 스위프트",7,1,"영미소설","X",7
"걸리버 여행기","조나단 스위프트",0,0,"영미소설","X",7
"걸리버 여행기","조나단 스위프트",0,0,"영미소설","X",7
"걸리버 여행기","조나단 스위프트",0,0,"영미소설","X",7
"걸리버 여행기","조나단 스위프트",0,0,"동유럽소설","X",7
"검은 고양이","에드가 앨런 포",8,1,"x","추리",7
"검은 고양이","에드가 앨런 포",0,0,"영미소설","X",7
"검은 고양이","에드가 앨런 포",10,1,"x","공포",7
"검은 고양이","에드가 앨런 포",8,1,"x","공포",7
"검은 고양이","에드가 앨런 포",10,1,"영미소설","X",7
"검은 고양이","에드가 앨런 포",8,2,"영미소설","X",7
"검은 고양이","에드가 앨런 포",8,1,"영미소설","X",7
"공포의 계곡","아서 코난 도일",0,0,"x","추리",19
"공포의 계곡","아서 코난 도일",10,1,"x","추리",19
"공포의 계곡","아서 코난 도일",0,0,"x","추리",19
"공포의 계곡","아서 코난 도일",0,0,"x","추리",19
"공포의 계곡","아서 코난 도일",10,2,"x","추리",19
"공포의 계곡","아서 코난 도일",0,0,"x","추리",19
"공포의 계곡","아서 코난 도일",8,12,"x","추리",19
"공포의 계곡","아서 코난 도일",0,0,"x","추리",19
"공포의 계곡","아서 코난 도일",0,0,"x","추리",19
"공포의 계곡","아서 코난 도일",10,2,"x","공포",19
"공포의 계곡","아서 코난 도일",0,0,"영미소설","X",19
"공포의 계곡","아서 코난 도일",10,1,"영미소설","X",19
"공포의 계곡","아서 코난 도일",0,0,"영미소설","X",19
"공포의 계곡","아서 코난 도일",0,0,"영미소설","X",19
"공포의 계곡","아서 코난 도일",0,0,"영미소설","X",19
"공포의 계곡","아서 코난 도일",10,2,"영미소설","X",19
"공포의 계곡","아서 코난 도일",0,0,"영미소설","X",19
"공포의 계곡","아서 코난 도일",8,12,"영미소설","X",19
"공포의 계곡","아서 코난 도일",0,0,"영미소설","X",19
"괴도신사 뤼팽","모리스 르블랑",0,0,"x","추리",5
"괴도신사 뤼팽","모리스 르블랑",6,26,"x","추리",5
"괴도신사 뤼팽","모리스 르블랑",6,26,"x","공포",5
"괴도신사 뤼팽","모리스 르블랑",0,0,"프랑스소설","X",5
"괴도신사 뤼팽","모리스 르블랑",6,26,"프랑스소설","X",5
"귀여운 여인","안톤 파블로비치 체호프",0,0,"러시아소설","X",5
"귀여운 여인","안톤 파블로비치 체호프",0,0,"러시아소설","X",5
"귀여운 여인","안톤 파블로비치 체호프",8,3,"러시아소설","X",5
"귀여운 여인","안톤 파블로비치 체호프",0,0,"러시아소설","X",5
"귀여운 여인","안톤 파블로비치 체호프",0,0,"기타 국가의 소설","X",5
"그리고 아무도 없었다","애거사 크리스티",8,113,"x","추리",9
"그리고 아무도 없었다","애거사 크리스티",8,6,"x","추리",9
"그리고 아무도 없었다","애거사 크리스티",7,52,"x","추리",9
"그리고 아무도 없었다","애거사 크리스티",7,9,"x","추리",9
"그리고 아무도 없었다","애거사 크리스티",8,113,"x","공포",9
"그리고 아무도 없었다","애거사 크리스티",7,52,"x","공포",9
"그리고 아무도 없었다","애거사 크리스티",7,9,"x","공포",9
"그리고 아무도 없었다","애거사 크리스티",8,6,"영미소설","X",9
"그리고 아무도 없었다","애거사 크리스티",7,52,"영미소설","X",9
"그리스인 조르바","니코스 카잔차키스",0,0,"동유럽소설","X",15
"그리스인 조르바","니코스 카잔차키스",5,1,"동유럽소설","X",15
"그리스인 조르바","니코스 카잔차키스",8,10,"기타 국가의 소설","X",15
"그리스인 조르바","니코스 카잔차키스",8,157,"기타 국가의 소설","X",15
"그리스인 조르바","니코스 카잔차키스",9,3,"기타 국가의 소설","X",15
"그리스인 조르바","니코스 카잔차키스",0,0,"기타 국가의 소설","X",15
"그리스인 조르바","니코스 카잔차키스",6,1,"기타 국가의 소설","X",15
"그리스인 조르바","니코스 카잔차키스",8,27,"기타 국가의 소설","X",15
"그리스인 조르바","니코스 카잔차키스",8,4,"기타 국가의 소설","X",15
"그리스인 조르바","니코스 카잔차키스",6,1,"기타 국가의 소설","X",15
"그리스인 조르바","니코스 카잔차키스",0,0,"기타 국가의 소설","X",15
"그리스인 조르바","니코스 카잔차키스",0,0,"기타 국가의 소설","X",15
"그리스인 조르바","니코스 카잔차키스",0,0,"기타 국가의 소설","X",15
"그리스인 조르바","니코스 카잔차키스",10,1,"기타 국가의 소설","X",15
"그리스인 조르바","니코스 카잔차키스",8,1,"기타 국가의 소설","X",15
"기암성","모리스 르블랑",8,46,"x","추리",10
"기암성","모리스 르블랑",0,0,"x","추리",10
"기암성","모리스 르블랑",0,0,"x","추리",10
"기암성","모리스 르블랑",6,10,"x","추리",10
"기암성","모리스 르블랑",6,1,"x","추리",10
"기암성","모리스 르블랑",6,1,"x","공포",10
"기암성","모리스 르블랑",6,10,"x","공포",10
"기암성","모리스 르블랑",0,0,"프랑스소설","X",10
"기암성","모리스 르블랑",0,0,"프랑스소설","X",10
"기암성","모리스 르블랑",6,10,"프랑스소설","X",10
"끝없는 밤","애거사 크리스티",7,11,"x","추리",5
"끝없는 밤","애거사 크리스티",6,10,"x","추리",5
"끝없는 밤","애거사 크리스티",7,11,"x","공포",5
"끝없는 밤","애거사 크리스티",6,10,"x","공포",5
"끝없는 밤","애거사 크리스티",7,12,"영미소설","X",5
"나는 고양이로소이다","나쓰메 소세키",8,32,"일본소설","X",7
"나는 고양이로소이다","나쓰메 소세키",8,22,"일본소설","X",7
"나는 고양이로소이다","나쓰메 소세키",0,0,"일본소설","X",7
"나는 고양이로소이다","나쓰메 소세키",8,1,"일본소설","X",7
"나는 고양이로소이다","나쓰메 소세키",0,0,"일본소설","X",7
"나는 고양이로소이다","나쓰메 소세키",6,27,"일본소설","X",7
"나는 고양이로소이다","나쓰메 소세키",7,40,"일본소설","X",7
"네 개의 서명","아서 코난 도일",0,0,"x","추리",7
"네 개의 서명","아서 코난 도일",8,7,"x","추리",7
"네 개의 서명","아서 코난 도일",7,2,"x","추리",7
"네 개의 서명","아서 코난 도일",8,7,"x","공포",7
"네 개의 서명","아서 코난 도일",0,0,"영미소설","X",7
"네 개의 서명","아서 코난 도일",8,7,"영미소설","X",7
"네 개의 서명","아서 코난 도일",7,2,"영미소설","X",7
"네 사람의 서명","아서 코난 도일",0,0,"x","추리",7
"네 사람의 서명","아서 코난 도일",9,1,"x","추리",7
"네 사람의 서명","아서 코난 도일",8,16,"x","추리",7
"네 사람의 서명","아서 코난 도일",0,0,"영미소설","X",7
"네 사람의 서명","아서 코난 도일",9,1,"영미소설","X",7
"네 사람의 서명","아서 코난 도일",0,0,"영미소설","X",7
"네 사람의 서명","아서 코난 도일",8,16,"영미소설","X",7
"노인과 바다","어네스트 밀러 헤밍웨이",8,36,"영미소설","X",30
"노인과 바다","어네스트 밀러 헤밍웨이",8,138,"영미소설","X",30
"노인과 바다","어네스트 밀러 헤밍웨이",8,6,"영미소설","X",30
"노인과 바다","어네스트 밀러 헤밍웨이",8,9,"영미소설","X",30
"노인과 바다","어네스트 밀러 헤밍웨이",0,0,"영미소설","X",30
"노인과 바다","어네스트 밀러 헤밍웨이",8,2,"영미소설","X",30
"노인과 바다","어네스트 밀러 헤밍웨이",8,12,"영미소설","X",30
"노인과 바다","어네스트 밀러 헤밍웨이",8,4,"영미소설","X",30
"노인과 바다","어네스트 밀러 헤밍웨이",0,0,"영미소설","X",30
"노인과 바다","어네스트 밀러 헤밍웨이",8,5,"영미소설","X",30
"노인과 바다","어네스트 밀러 헤밍웨이",0,0,"영미소설","X",30
"노인과 바다","어네스트 밀러 헤밍웨이",9,4,"영미소설","X",30
"노인과 바다","어네스트 밀러 헤밍웨이",0,0,"영미소설","X",30
"노인과 바다","어네스트 밀러 헤밍웨이",0,0,"영미소설","X",30
"노인과 바다","어네스트 밀러 헤밍웨이",0,0,"영미소설","X",30
"노인과 바다","어네스트 밀러 헤밍웨이",0,0,"영미소설","X",30
"노인과 바다","어네스트 밀러 헤밍웨이",0,0,"영미소설","X",30
"노인과 바다","어네스트 밀러 헤밍웨이",8,22,"영미소설","X",30
"노인과 바다","어네스트 밀러 헤밍웨이",8,9,"영미소설","X",30
"노인과 바다","어네스트 밀러 헤밍웨이",0,0,"영미소설","X",30
"노인과 바다","어네스트 밀러 헤밍웨이",0,0,"영미소설","X",30
"노인과 바다","어네스트 밀러 헤밍웨이",0,0,"영미소설","X",30
"노인과 바다","어네스트 밀러 헤밍웨이",0,0,"영미소설","X",30
"노인과 바다","어네스트 밀러 헤밍웨이",0,0,"영미소설","X",30
"노인과 바다","어네스트 밀러 헤밍웨이",0,0,"영미소설","X",30
"노인과 바다","어네스트 밀러 헤밍웨이",8,28,"영미소설","X",30
"노인과 바다","어네스트 밀러 헤밍웨이",0,0,"영미소설","X",30
"노인과 바다","어네스트 밀러 헤밍웨이",0,0,"영미소설","X",30
"노인과 바다","어네스트 밀러 헤밍웨이",0,0,"영미소설","X",30
"노인과 바다","어네스트 밀러 헤밍웨이",0,0,"영미소설","X",30
"누명","애거사 크리스티",0,0,"x","추리",9
"누명","애거사 크리스티",7,10,"x","추리",9
"누명","애거사 크리스티",0,0,"x","추리",9
"누명","애거사 크리스티",7,13,"x","추리",9
"누명","애거사 크리스티",7,10,"x","공포",9
"누명","애거사 크리스티",0,0,"x","공포",9
"누명","애거사 크리스티",0,0,"x","공포",9
"누명","애거사 크리스티",7,13,"x","공포",9
"누명","애거사 크리스티",7,11,"영미소설","X",9
"더블린 사람들","제임스 조이스",8,6,"영미소설","X",6
"더블린 사람들","제임스 조이스",10,1,"영미소설","X",6
"더블린 사람들","제임스 조이스",8,8,"영미소설","X",6
"더블린 사람들","제임스 조이스",8,4,"영미소설","X",6
"더블린 사람들","제임스 조이스",0,0,"영미소설","X",6
"더블린 사람들","제임스 조이스",8,9,"북유럽소설","X",6
"데미안","헤르만 헤세",8,23,"영미소설","X",45
"데미안","헤르만 헤세",8,39,"독일소설","X",45
"데미안","헤르만 헤세",8,4,"독일소설","X",45
"데미안","헤르만 헤세",8,26,"독일소설","X",45
"데미안","헤르만 헤세",0,0,"독일소설","X",45
"데미안","헤르만 헤세",0,0,"독일소설","X",45
"데미안","헤르만 헤세",0,0,"독일소설","X",45
"데미안","헤르만 헤세",0,0,"독일소설","X",45
"데미안","헤르만 헤세",9,1,"독일소설","X",45
"데미안","헤르만 헤세",8,3,"독일소설","X",45
"데미안","헤르만 헤세",0,0,"독일소설","X",45
"데미안","헤르만 헤세",0,0,"독일소설","X",45
"데미안","헤르만 헤세",8,3,"독일소설","X",45
"데미안","헤르만 헤세",8,4,"독일소설","X",45
"데미안","헤르만 헤세",8,35,"독일소설","X",45
"데미안","헤르만 헤세",10,1,"독일소설","X",45
"데미안","헤르만 헤세",8,7,"독일소설","X",45
"데미안","헤르만 헤세",0,0,"독일소설","X",45
"데미안","헤르만 헤세",8,6,"독일소설","X",45
"데미안","헤르만 헤세",0,0,"독일소설","X",45
"데미안","헤르만 헤세",0,0,"독일소설","X",45
"데미안","헤르만 헤세",10,1,"독일소설","X",45
"데미안","헤르만 헤세",10,1,"독일소설","X",45
"데미안","헤르만 헤세",0,0,"독일소설","X",45
"데미안","헤르만 헤세",0,0,"독일소설","X",45
"데미안","헤르만 헤세",0,0,"독일소설","X",45
"데미안","헤르만 헤세",0,0,"독일소설","X",45
"데미안","헤르만 헤세",8,1,"독일소설","X",45
"데미안","헤르만 헤세",8,52,"독일소설","X",45
"데미안","헤르만 헤세",0,0,"독일소설","X",45
"데미안","헤르만 헤세",0,0,"독일소설","X",45
"데미안","헤르만 헤세",0,0,"독일소설","X",45
"데미안","헤르만 헤세",10,10,"독일소설","X",45
"데미안","헤르만 헤세",0,0,"독일소설","X",45
"데미안","헤르만 헤세",0,0,"독일소설","X",45
"데미안","헤르만 헤세",0,0,"독일소설","X",45
"데미안","헤르만 헤세",0,0,"독일소설","X",45
"데미안","헤르만 헤세",0,0,"독일소설","X",45
"데미안","헤르만 헤세",0,0,"독일소설","X",45
"데미안","헤르만 헤세",10,1,"독일소설","X",45
"데미안","헤르만 헤세",8,1,"독일소설","X",45
"데미안","헤르만 헤세",7,2,"독일소설","X",45
"데미안","헤르만 헤세",8,227,"독일소설","X",45
"데미안","헤르만 헤세",8,15,"독일소설","X",45
"데미안","헤르만 헤세",8,1,"독일소설","X",45
"도련님","나쓰메 소세키",8,35,"일본소설","X",21
"도련님","나쓰메 소세키",0,0,"일본소설","X",21
"도련님","나쓰메 소세키",0,0,"일본소설","X",21
"도련님","나쓰메 소세키",0,0,"일본소설","X",21
"도련님","나쓰메 소세키",8,1,"일본소설","X",21
"도련님","나쓰메 소세키",0,0,"일본소설","X",21
"도련님","나쓰메 소세키",8,48,"일본소설","X",21
"도련님","나쓰메 소세키",0,0,"일본소설","X",21
"도련님","나쓰메 소세키",0,0,"일본소설","X",21
"도련님","나쓰메 소세키",0,0,"일본소설","X",21
"도련님","나쓰메 소세키",0,0,"일본소설","X",21
"도련님","나쓰메 소세키",0,0,"일본소설","X",21
"도련님","나쓰메 소세키",0,0,"일본소설","X",21
"도련님","나쓰메 소세키",8,2,"일본소설","X",21
"도련님","나쓰메 소세키",8,2,"일본소설","X",21
"도련님","나쓰메 소세키",8,1,"일본소설","X",21
"도련님","나쓰메 소세키",6,45,"일본소설","X",21
"도련님","나쓰메 소세키",6,29,"일본소설","X",21
"도련님","나쓰메 소세키",0,0,"일본소설","X",21
"도련님","나쓰메 소세키",8,3,"일본소설","X",21
"도련님","나쓰메 소세키",6,45,"기타 국가의 소설","X",21
"독일인의 사랑","막스 뮐러",0,0,"독일소설","X",15
"독일인의 사랑","막스 뮐러",0,0,"독일소설","X",15
"독일인의 사랑","막스 뮐러",8,11,"독일소설","X",15
"독일인의 사랑","막스 뮐러",0,0,"독일소설","X",15
"독일인의 사랑","막스 뮐러",0,0,"독일소설","X",15
"독일인의 사랑","막스 뮐러",0,0,"독일소설","X",15
"독일인의 사랑","막스 뮐러",0,0,"독일소설","X",15
"독일인의 사랑","막스 뮐러",0,0,"독일소설","X",15
"독일인의 사랑","막스 뮐러",0,0,"독일소설","X",15
"독일인의 사랑","막스 뮐러",5,2,"독일소설","X",15
"독일인의 사랑","막스 뮐러",0,0,"독일소설","X",15
"독일인의 사랑","막스 뮐러",0,0,"독일소설","X",15
"독일인의 사랑","막스 뮐러",7,3,"독일소설","X",15
"독일인의 사랑","막스 뮐러",7,2,"독일소설","X",15
"독일인의 사랑","막스 뮐러",7,6,"독일소설","X",15
"동물 농장","조지 오웰",9,1,"영미소설","X",8
"동물 농장","조지 오웰",8,4,"영미소설","X",8
"동물 농장","조지 오웰",0,0,"영미소설","X",8
"동물 농장","조지 오웰",0,0,"영미소설","X",8
"동물 농장","조지 오웰",0,0,"영미소설","X",8
"동물 농장","조지 오웰",0,0,"영미소설","X",8
"동물 농장","조지 오웰",6,2,"영미소설","X",8
"동물 농장","조지 오웰",0,0,"영미소설","X",8
"동물농장","조지 오웰",10,1,"영미소설","X",16
"동물농장","조지 오웰",8,4,"영미소설","X",16
"동물농장","조지 오웰",0,0,"영미소설","X",16
"동물농장","조지 오웰",10,1,"영미소설","X",16
"동물농장","조지 오웰",0,0,"영미소설","X",16
"동물농장","조지 오웰",8,9,"영미소설","X",16
"동물농장","조지 오웰",0,0,"영미소설","X",16
"동물농장","조지 오웰",0,0,"영미소설","X",16
"동물농장","조지 오웰",8,23,"영미소설","X",16
"동물농장","조지 오웰",0,0,"영미소설","X",16
"동물농장","조지 오웰",0,0,"영미소설","X",16
"동물농장","조지 오웰",8,13,"영미소설","X",16
"동물농장","조지 오웰",9,3,"영미소설","X",16
"동물농장","조지 오웰",8,9,"영미소설","X",16
"동물농장","조지 오웰",0,0,"영미소설","X",16
"동물농장","조지 오웰",0,0,"영미소설","X",16
"레 미제라블 2","빅토르 위고",8,5,"프랑스소설","X",5
"레 미제라블 2","빅토르 위고",0,0,"프랑스소설","X",5
"레 미제라블 2","빅토르 위고",10,1,"프랑스소설","X",5
"레 미제라블 2","빅토르 위고",9,2,"프랑스소설","X",5
"레 미제라블 2","빅토르 위고",0,0,"프랑스소설","X",5
"레 미제라블","빅토르 위고",0,0,"영미소설","X",6
"레 미제라블","빅토르 위고",0,0,"프랑스소설","X",6
"레 미제라블","빅토르 위고",0,0,"프랑스소설","X",6
"레 미제라블","빅토르 위고",8,1,"프랑스소설","X",6
"레 미제라블","빅토르 위고",0,0,"프랑스소설","X",6
"레 미제라블","빅토르 위고",8,2,"프랑스소설","X",6
"레베카","대프니 듀 모리에",6,5,"x","추리",5
"레베카","대프니 듀 모리에",6,5,"x","공포",5
"레베카","대프니 듀 모리에",8,21,"x","스릴러",5
"레베카","대프니 듀 모리에",0,0,"영미소설","X",5
"레베카","대프니 듀 모리에",8,21,"영미소설","X",5
"마음","나쓰메 소세키",8,37,"일본소설","X",13
"마음","나쓰메 소세키",8,7,"일본소설","X",13
"마음","나쓰메 소세키",8,13,"일본소설","X",13
"마음","나쓰메 소세키",8,63,"일본소설","X",13
"마음","나쓰메 소세키",0,0,"일본소설","X",13
"마음","나쓰메 소세키",9,4,"일본소설","X",13
"마음","나쓰메 소세키",0,0,"일본소설","X",13
"마음","나쓰메 소세키",0,0,"일본소설","X",13
"마음","나쓰메 소세키",0,0,"일본소설","X",13
"마음","나쓰메 소세키",8,2,"일본소설","X",13
"마음","나쓰메 소세키",10,1,"일본소설","X",13
"마음","나쓰메 소세키",8,3,"일본소설","X",13
"마음","나쓰메 소세키",10,1,"기타 국가의 소설","X",13
"마지막 잎새","오 헨리",0,0,"영미소설","X",8
"마지막 잎새","오 헨리",0,0,"영미소설","X",8
"마지막 잎새","오 헨리",10,1,"영미소설","X",8
"마지막 잎새","오 헨리",8,14,"영미소설","X",8
"마지막 잎새","오 헨리",0,0,"영미소설","X",8
"마지막 잎새","오 헨리",8,1,"영미소설","X",8
"마지막 잎새","오 헨리",0,0,"영미소설","X",8
"마지막 잎새","오 헨리",0,0,"영미소설","X",8
"말테의 수기","라이너 마리아 릴케",6,1,"독일소설","X",5
"말테의 수기","라이너 마리아 릴케",7,9,"독일소설","X",5
"말테의 수기","라이너 마리아 릴케",0,0,"독일소설","X",5
"말테의 수기","라이너 마리아 릴케",7,6,"독일소설","X",5
"말테의 수기","라이너 마리아 릴케",0,0,"동유럽소설","X",5
"메밀꽃 필 무렵","이효석",8,2,"한국소설","X",8
"메밀꽃 필 무렵","이효석",5,2,"한국소설","X",8
"메밀꽃 필 무렵","이효석",0,0,"한국소설","X",8
"메밀꽃 필 무렵","이효석",0,0,"한국소설","X",8
"메밀꽃 필 무렵","이효석",0,0,"한국소설","X",8
"메밀꽃 필 무렵","이효석",0,0,"한국소설","X",8
"메밀꽃 필 무렵","이효석",0,0,"한국소설","X",8
"메밀꽃 필 무렵","이효석",0,0,"작가 선집","X",8
"벙어리 목격자","애거사 크리스티",0,0,"x","추리",5
"벙어리 목격자","애거사 크리스티",8,4,"x","추리",5
"벙어리 목격자","애거사 크리스티",7,7,"x","추리",5
"벙어리 목격자","애거사 크리스티",7,7,"x","공포",5
"벙어리 목격자","애거사 크리스티",8,4,"영미소설","X",5
"변신","프란츠 카프카",0,0,"영미소설","X",17
"변신","프란츠 카프카",0,0,"독일소설","X",17
"변신","프란츠 카프카",8,61,"독일소설","X",17
"변신","프란츠 카프카",8,7,"독일소설","X",17
"변신","프란츠 카프카",8,3,"독일소설","X",17
"변신","프란츠 카프카",0,0,"독일소설","X",17
"변신","프란츠 카프카",8,3,"독일소설","X",17
"변신","프란츠 카프카",10,1,"독일소설","X",17
"변신","프란츠 카프카",0,0,"독일소설","X",17
"변신","프란츠 카프카",0,0,"독일소설","X",17
"변신","프란츠 카프카",0,0,"독일소설","X",17
"변신","프란츠 카프카",0,0,"독일소설","X",17
"변신","프란츠 카프카",0,0,"독일소설","X",17
"변신","프란츠 카프카",0,0,"독일소설","X",17
"변신","프란츠 카프카",0,0,"독일소설","X",17
"변신","프란츠 카프카",8,9,"독일소설","X",17
"변신","프란츠 카프카",0,0,"동유럽소설","X",17
"별","알퐁스 도데",0,0,"프랑스소설","X",5
"별","알퐁스 도데",0,0,"프랑스소설","X",5
"별","알퐁스 도데",0,0,"프랑스소설","X",5
"별","알퐁스 도데",8,2,"프랑스소설","X",5
"별","알퐁스 도데",0,0,"프랑스소설","X",5
"부활 1","레프 톨스토이",8,29,"러시아소설","X",6
"부활 1","레프 톨스토이",8,10,"러시아소설","X",6
"부활 1","레프 톨스토이",9,4,"러시아소설","X",6
"부활 1","레프 톨스토이",8,8,"러시아소설","X",6
"부활 1","레프 톨스토이",0,0,"러시아소설","X",6
"부활 1","레프 톨스토이",8,1,"러시아소설","X",6
"부활 2","레프 톨스토이",8,9,"러시아소설","X",6
"부활 2","레프 톨스토이",8,3,"러시아소설","X",6
"부활 2","레프 톨스토이",0,0,"러시아소설","X",6
"부활 2","레프 톨스토이",9,3,"러시아소설","X",6
"부활 2","레프 톨스토이",0,0,"러시아소설","X",6
"부활 2","레프 톨스토이",0,0,"러시아소설","X",6
"부활","레프 톨스토이",9,6,"러시아소설","X",10
"부활","레프 톨스토이",8,2,"러시아소설","X",10
"부활","레프 톨스토이",0,0,"러시아소설","X",10
"부활","레프 톨스토이",8,2,"러시아소설","X",10
"부활","레프 톨스토이",9,1,"러시아소설","X",10
"부활","레프 톨스토이",8,1,"러시아소설","X",10
"부활","레프 톨스토이",8,2,"러시아소설","X",10
"부활","레프 톨스토이",8,1,"러시아소설","X",10
"부활","레프 톨스토이",0,0,"러시아소설","X",10
"부활","레프 톨스토이",0,0,"기타 국가의 소설","X",10
"비뚤어진 집","애거사 크리스티",10,1,"x","추리",5
"비뚤어진 집","애거사 크리스티",8,2,"x","추리",5
"비뚤어진 집","애거사 크리스티",6,5,"x","추리",5
"비뚤어진 집","애거사 크리스티",6,5,"x","공포",5
"비뚤어진 집","애거사 크리스티",10,1,"영미소설","X",5
"빨강머리 앤","루시 모드 몽고메리",9,1,"영미소설","X",5
"빨강머리 앤","루시 모드 몽고메리",0,0,"영미소설","X",5
"빨강머리 앤","루시 모드 몽고메리",0,0,"영미소설","X",5
"빨강머리 앤","루시 모드 몽고메리",0,0,"영미소설","X",5
"빨강머리 앤","루시 모드 몽고메리",0,0,"영미소설","X",5
"사람은 무엇으로 사는가","레프 톨스토이",0,0,"러시아소설","X",19
"사람은 무엇으로 사는가","레프 톨스토이",0,0,"러시아소설","X",19
"사람은 무엇으로 사는가","레프 톨스토이",8,17,"러시아소설","X",19
"사람은 무엇으로 사는가","레프 톨스토이",8,44,"러시아소설","X",19
"사람은 무엇으로 사는가","레프 톨스토이",8,2,"러시아소설","X",19
"사람은 무엇으로 사는가","레프 톨스토이",8,3,"러시아소설","X",19
"사람은 무엇으로 사는가","레프 톨스토이",10,4,"러시아소설","X",19
"사람은 무엇으로 사는가","레프 톨스토이",0,0,"러시아소설","X",19
"사람은 무엇으로 사는가","레프 톨스토이",0,0,"러시아소설","X",19
"사람은 무엇으로 사는가","레프 톨스토이",0,0,"러시아소설","X",19
"사람은 무엇으로 사는가","레프 톨스토이",0,0,"러시아소설","X",19
"사람은 무엇으로 사는가","레프 톨스토이",0,0,"러시아소설","X",19
"사람은 무엇으로 사는가","레프 톨스토이",0,0,"러시아소설","X",19
"사람은 무엇으로 사는가","레프 톨스토이",0,0,"러시아소설","X",19
"사람은 무엇으로 사는가","레프 톨스토이",10,1,"러시아소설","X",19
"사람은 무엇으로 사는가","레프 톨스토이",10,1,"러시아소설","X",19
"사람은 무엇으로 사는가","레프 톨스토이",0,0,"러시아소설","X",19
"사람은 무엇으로 사는가","레프 톨스토이",0,0,"러시아소설","X",19
"사람은 무엇으로 사는가","레프 톨스토이",0,0,"러시아소설","X",19
"사양","다자이 오사무",8,8,"일본소설","X",7
"사양","다자이 오사무",8,8,"일본소설","X",7
"사양","다자이 오사무",8,7,"일본소설","X",7
"사양","다자이 오사무",0,0,"일본소설","X",7
"사양","다자이 오사무",7,4,"일본소설","X",7
"사양","다자이 오사무",7,1,"일본소설","X",7
"사양","다자이 오사무",7,9,"일본소설","X",7
"삼국지 1","나관중",9,1,"x","역사",8
"삼국지 1","나관중",0,0,"x","역사",8
"삼국지 1","나관중",0,0,"x","역사",8
"삼국지 1","나관중",0,0,"중국소설","X",8
"삼국지 1","나관중",7,34,"한국소설","X",8
"삼국지 1","나관중",9,1,"중국소설","X",8
"삼국지 1","나관중",0,0,"중국소설","X",8
"삼국지 1","나관중",0,0,"중국소설","X",8
"삼국지 10","나관중",0,0,"x","역사",7
"삼국지 10","나관중",0,0,"x","역사",7
"삼국지 10","나관중",0,0,"x","역사",7
"삼국지 10","나관중",0,0,"중국소설","X",7
"삼국지 10","나관중",8,7,"한국소설","X",7
"삼국지 10","나관중",0,0,"중국소설","X",7
"삼국지 10","나관중",0,0,"중국소설","X",7
"삼국지 2","나관중",0,0,"x","역사",11
"삼국지 2","나관중",0,0,"x","역사",11
"삼국지 2","나관중",0,0,"x","역사",11
"삼국지 2","나관중",0,0,"중국소설","X",11
"삼국지 2","나관중",0,0,"x","역사",11
"삼국지 2","나관중",8,13,"한국소설","X",11
"삼국지 2","나관중",0,0,"중국소설","X",11
"삼국지 2","나관중",0,0,"중국소설","X",11
"삼국지 2","나관중",0,0,"중국소설","X",11
"삼국지 2","나관중",0,0,"중국소설","X",11
"삼국지 2","나관중",0,0,"중국소설","X",11
"삼국지 3","나관중",0,0,"x","역사",10
"삼국지 3","나관중",0,0,"x","역사",10
"삼국지 3","나관중",0,0,"x","역사",10
"삼국지 3","나관중",0,0,"x","역사",10
"삼국지 3","나관중",0,0,"중국소설","X",10
"삼국지 3","나관중",0,0,"중국소설","X",10
"삼국지 3","나관중",0,0,"x","역사",10
"삼국지 3","나관중",0,0,"중국소설","X",10
"삼국지 3","나관중",0,0,"중국소설","X",10
"삼국지 3","나관중",0,0,"중국소설","X",10
"삼국지 4","나관중",0,0,"x","역사",8
"삼국지 4","나관중",0,0,"x","역사",8
"삼국지 4","나관중",0,0,"x","역사",8
"삼국지 4","나관중",0,0,"x","역사",8
"삼국지 4","나관중",0,0,"중국소설","X",8
"삼국지 4","나관중",0,0,"중국소설","X",8
"삼국지 4","나관중",0,0,"중국소설","X",8
"삼국지 4","나관중",0,0,"중국소설","X",8
"삼국지 5","나관중",0,0,"x","역사",5
"삼국지 5","나관중",0,0,"중국소설","X",5
"삼국지 5","나관중",0,0,"x","역사",5
"삼국지 5","나관중",0,0,"중국소설","X",5
"삼국지 5","나관중",0,0,"중국소설","X",5
"삼국지 6","나관중",0,0,"x","역사",8
"삼국지 6","나관중",0,0,"x","역사",8
"삼국지 6","나관중",0,0,"x","역사",8
"삼국지 6","나관중",0,0,"중국소설","X",8
"삼국지 6","나관중",0,0,"중국소설","X",8
"삼국지 6","나관중",0,0,"중국소설","X",8
"삼국지 6","나관중",0,0,"중국소설","X",8
"삼국지 6","나관중",0,0,"중국소설","X",8
"삼국지 7","나관중",0,0,"x","역사",7
"삼국지 7","나관중",0,0,"x","역사",7
"삼국지 7","나관중",0,0,"x","역사",7
"삼국지 7","나관중",0,0,"중국소설","X",7
"삼국지 7","나관중",0,0,"중국소설","X",7
"삼국지 7","나관중",0,0,"중국소설","X",7
"삼국지 7","나관중",0,0,"중국소설","X",7
"삼국지 8","나관중",0,0,"x","역사",7
"삼국지 8","나관중",0,0,"x","역사",7
"삼국지 8","나관중",0,0,"x","역사",7
"삼국지 8","나관중",0,0,"중국소설","X",7
"삼국지 8","나관중",0,0,"중국소설","X",7
"삼국지 8","나관중",0,0,"중국소설","X",7
"삼국지 8","나관중",0,0,"중국소설","X",7
"삼국지 9","나관중",0,0,"x","역사",7
"삼국지 9","나관중",0,0,"x","역사",7
"삼국지 9","나관중",0,0,"x","역사",7
"삼국지 9","나관중",0,0,"중국소설","X",7
"삼국지 9","나관중",8,7,"한국소설","X",7
"삼국지 9","나관중",0,0,"중국소설","X",7
"삼국지 9","나관중",0,0,"중국소설","X",7
"삼국지","나관중",0,0,"x","역사",10
"삼국지","나관중",0,0,"x","역사",10
"삼국지","나관중",0,0,"x","역사",10
"삼국지","나관중",0,0,"중국소설","X",10
"삼국지","나관중",0,0,"x","역사",10
"삼국지","나관중",0,0,"중국소설","X",10
"삼국지","나관중",0,0,"중국소설","X",10
"삼국지","나관중",0,0,"중국소설","X",10
"삼국지","나관중",0,0,"중국소설","X",10
"삼국지","나관중",0,0,"중국소설","X",10
"서재의 시체","애거사 크리스티",0,0,"x","추리",6
"서재의 시체","애거사 크리스티",8,6,"x","추리",6
"서재의 시체","애거사 크리스티",8,5,"x","추리",6
"서재의 시체","애거사 크리스티",8,6,"x","공포",6
"서재의 시체","애거사 크리스티",8,5,"영미소설","X",6
"서재의 시체","애거사 크리스티",0,0,"영미소설","X",6
"성","프란츠 카프카",9,5,"독일소설","X",11
"성","프란츠 카프카",0,0,"독일소설","X",11
"성","프란츠 카프카",0,0,"독일소설","X",11
"성","프란츠 카프카",7,1,"독일소설","X",11
"성","프란츠 카프카",0,0,"독일소설","X",11
"성","프란츠 카프카",6,2,"동유럽소설","X",11
"성","프란츠 카프카",0,0,"동유럽소설","X",11
"성","프란츠 카프카",7,13,"동유럽소설","X",11
"성","프란츠 카프카",0,0,"기타 국가의 소설","X",11
"성","프란츠 카프카",6,4,"기타 국가의 소설","X",11
"성","프란츠 카프카",0,0,"작가 선집","X",11
"셜록 홈즈 전집 세트","아서 코난 도일",8,11,"x","추리",7
"셜록 홈즈 전집 세트","아서 코난 도일",8,67,"x","추리",7
"셜록 홈즈 전집 세트","아서 코난 도일",7,5,"x","추리",7
"셜록 홈즈 전집 세트","아서 코난 도일",8,11,"x","공포",7
"셜록 홈즈 전집 세트","아서 코난 도일",8,67,"x","공포",7
"셜록 홈즈 전집 세트","아서 코난 도일",8,11,"영미소설","X",7
"셜록 홈즈 전집 세트","아서 코난 도일",7,5,"영미소설","X",7
"셜록 홈즈","아서 코난 도일",0,0,"x","추리",7
"셜록 홈즈","아서 코난 도일",0,0,"x","추리",7
"셜록 홈즈","아서 코난 도일",3,1,"x","추리",7
"셜록 홈즈","아서 코난 도일",0,0,"x","추리",7
"셜록 홈즈","아서 코난 도일",0,0,"영미소설","X",7
"셜록 홈즈","아서 코난 도일",3,1,"영미소설","X",7
"셜록 홈즈","아서 코난 도일",0,0,"영미소설","X",7
"셜록 홈즈의 귀환","아서 코난 도일",0,0,"x","추리",8
"셜록 홈즈의 귀환","아서 코난 도일",10,2,"x","추리",8
"셜록 홈즈의 귀환","아서 코난 도일",0,0,"x","추리",8
"셜록 홈즈의 귀환","아서 코난 도일",0,0,"x","추리",8
"셜록 홈즈의 귀환","아서 코난 도일",10,2,"영미소설","X",8
"셜록 홈즈의 귀환","아서 코난 도일",10,2,"x","공포",8
"셜록 홈즈의 귀환","아서 코난 도일",0,0,"영미소설","X",8
"셜록 홈즈의 귀환","아서 코난 도일",0,0,"영미소설","X",8
"셜록 홈즈의 마지막 인사","아서 코난 도일",0,0,"x","추리",9
"셜록 홈즈의 마지막 인사","아서 코난 도일",10,1,"x","추리",9
"셜록 홈즈의 마지막 인사","아서 코난 도일",0,0,"x","추리",9
"셜록 홈즈의 마지막 인사","아서 코난 도일",0,0,"x","추리",9
"셜록 홈즈의 마지막 인사","아서 코난 도일",10,1,"x","공포",9
"셜록 홈즈의 마지막 인사","아서 코난 도일",0,0,"영미소설","X",9
"셜록 홈즈의 마지막 인사","아서 코난 도일",10,1,"영미소설","X",9
"셜록 홈즈의 마지막 인사","아서 코난 도일",0,0,"영미소설","X",9
"셜록 홈즈의 마지막 인사","아서 코난 도일",0,0,"영미소설","X",9
"셜록 홈즈의 모험","아서 코난 도일",0,0,"x","추리",9
"셜록 홈즈의 모험","아서 코난 도일",8,3,"x","추리",9
"셜록 홈즈의 모험","아서 코난 도일",0,0,"x","추리",9
"셜록 홈즈의 모험","아서 코난 도일",8,3,"x","추리",9
"셜록 홈즈의 모험","아서 코난 도일",8,3,"영미소설","X",9
"셜록 홈즈의 모험","아서 코난 도일",8,3,"x","공포",9
"셜록 홈즈의 모험","아서 코난 도일",8,3,"영미소설","X",9
"셜록 홈즈의 모험","아서 코난 도일",0,0,"영미소설","X",9
"셜록 홈즈의 모험","아서 코난 도일",0,0,"영미소설","X",9
"셜록 홈즈의 사건집","아서 코난 도일",10,1,"x","추리",6
"셜록 홈즈의 사건집","아서 코난 도일",10,1,"x","추리",6
"셜록 홈즈의 사건집","아서 코난 도일",0,0,"x","추리",6
"셜록 홈즈의 사건집","아서 코난 도일",10,1,"영미소설","X",6
"셜록 홈즈의 사건집","아서 코난 도일",10,1,"영미소설","X",6
"셜록 홈즈의 사건집","아서 코난 도일",0,0,"영미소설","X",6
"소송","프란츠 카프카",8,5,"독일소설","X",8
"소송","프란츠 카프카",8,15,"독일소설","X",8
"소송","프란츠 카프카",0,0,"독일소설","X",8
"소송","프란츠 카프카",9,2,"독일소설","X",8
"소송","프란츠 카프카",8,2,"동유럽소설","X",8
"소송","프란츠 카프카",8,6,"동유럽소설","X",8
"소송","프란츠 카프카",0,0,"기타 국가의 소설","X",8
"소송","프란츠 카프카",0,0,"작가 선집","X",8
"수레바퀴 아래서","헤르만 헤세",8,24,"독일소설","X",12
"수레바퀴 아래서","헤르만 헤세",9,5,"독일소설","X",12
"수레바퀴 아래서","헤르만 헤세",0,0,"독일소설","X",12
"수레바퀴 아래서","헤르만 헤세",8,4,"독일소설","X",12
"수레바퀴 아래서","헤르만 헤세",0,0,"독일소설","X",12
"수레바퀴 아래서","헤르만 헤세",10,2,"독일소설","X",12
"수레바퀴 아래서","헤르만 헤세",0,0,"독일소설","X",12
"수레바퀴 아래서","헤르만 헤세",0,0,"독일소설","X",12
"수레바퀴 아래서","헤르만 헤세",8,17,"독일소설","X",12
"수레바퀴 아래서","헤르만 헤세",10,2,"독일소설","X",12
"수레바퀴 아래서","헤르만 헤세",8,97,"독일소설","X",12
"수레바퀴 아래서","헤르만 헤세",7,4,"독일소설","X",12
"수정마개","모리스 르블랑",0,0,"x","추리",5
"수정마개","모리스 르블랑",8,2,"x","추리",5
"수정마개","모리스 르블랑",8,2,"x","공포",5
"수정마개","모리스 르블랑",0,0,"프랑스소설","X",5
"수정마개","모리스 르블랑",8,2,"프랑스소설","X",5
"시녀 이야기","마거릿 애트우드",6,5,"x","SF",5
"시녀 이야기","마거릿 애트우드",8,45,"x","SF",5
"시녀 이야기","마거릿 애트우드",6,5,"영미소설","X",5
"시녀 이야기","마거릿 애트우드",8,45,"영미소설","X",5
"시녀 이야기","마거릿 애트우드",8,45,"기타 국가의 소설","X",5
"신곡","단테",0,0,"이탈리아소설","X",5
"신곡","단테",0,0,"이탈리아소설","X",5
"신곡","단테",8,2,"이탈리아소설","X",5
"신곡","단테",7,6,"이탈리아소설","X",5
"신곡","단테",7,6,"기타 국가의 소설","X",5
"심판","프란츠 카프카",8,3,"독일소설","X",7
"심판","프란츠 카프카",8,1,"독일소설","X",7
"심판","프란츠 카프카",7,3,"독일소설","X",7
"심판","프란츠 카프카",8,1,"기타 국가의 소설","X",7
"심판","프란츠 카프카",7,4,"기타 국가의 소설","X",7
"심판","프란츠 카프카",7,1,"기타 국가의 소설","X",7
"심판","프란츠 카프카",5,2,"기타 국가의 소설","X",7
"싯다르타","헤르만 헤세",0,0,"독일소설","X",9
"싯다르타","헤르만 헤세",10,1,"독일소설","X",9
"싯다르타","헤르만 헤세",0,0,"독일소설","X",9
"싯다르타","헤르만 헤세",0,0,"독일소설","X",9
"싯다르타","헤르만 헤세",10,2,"독일소설","X",9
"싯다르타","헤르만 헤세",0,0,"독일소설","X",9
"싯다르타","헤르만 헤세",0,0,"독일소설","X",9
"싯다르타","헤르만 헤세",8,1,"독일소설","X",9
"싯다르타","헤르만 헤세",8,66,"독일소설","X",9
"아Q정전","루쉰",8,5,"중국소설","X",10
"아Q정전","루쉰",8,28,"중국소설","X",10
"아Q정전","루쉰",0,0,"중국소설","X",10
"아Q정전","루쉰",0,0,"중국소설","X",10
"아Q정전","루쉰",0,0,"중국소설","X",10
"아Q정전","루쉰",8,9,"중국소설","X",10
"아Q정전","루쉰",8,3,"중국소설","X",10
"아Q정전","루쉰",8,19,"중국소설","X",10
"아Q정전","루쉰",8,2,"중국소설","X",10
"아Q정전","루쉰",6,2,"중국소설","X",10
"안나 카레니나 1","레프 톨스토이",8,39,"러시아소설","X",5
"안나 카레니나 1","레프 톨스토이",8,3,"러시아소설","X",5
"안나 카레니나 1","레프 톨스토이",8,16,"러시아소설","X",5
"안나 카레니나 1","레프 톨스토이",0,0,"러시아소설","X",5
"안나 카레니나 1","레프 톨스토이",8,1,"러시아소설","X",5
"안나 카레니나 3","레프 톨스토이",8,10,"러시아소설","X",5
"안나 카레니나 3","레프 톨스토이",10,1,"러시아소설","X",5
"안나 카레니나 3","레프 톨스토이",8,7,"러시아소설","X",5
"안나 카레니나 3","레프 톨스토이",8,13,"러시아소설","X",5
"안나 카레니나 3","레프 톨스토이",0,0,"기타 국가의 소설","X",5
"안네의 일기","안네 프랑크",0,0,"영미소설","X",5
"안네의 일기","안네 프랑크",0,0,"독일소설","X",5
"안네의 일기","안네 프랑크",6,2,"독일소설","X",5
"안네의 일기","안네 프랑크",0,0,"기타 국가의 소설","X",5
"안네의 일기","안네 프랑크",0,0,"기타 국가의 소설","X",5
"애크로이드 살인사건","애거사 크리스티",7,10,"x","추리",5
"애크로이드 살인사건","애거사 크리스티",7,25,"x","추리",5
"애크로이드 살인사건","애거사 크리스티",7,10,"x","공포",5
"애크로이드 살인사건","애거사 크리스티",7,25,"x","공포",5
"애크로이드 살인사건","애거사 크리스티",7,25,"영미소설","X",5
"어린 왕자","생 텍쥐페리",8,127,"프랑스소설","X",18
"어린 왕자","생 텍쥐페리",8,7,"프랑스소설","X",18
"어린 왕자","생 텍쥐페리",8,2,"프랑스소설","X",18
"어린 왕자","생 텍쥐페리",8,39,"프랑스소설","X",18
"어린 왕자","생 텍쥐페리",0,0,"프랑스소설","X",18
"어린 왕자","생 텍쥐페리",8,20,"프랑스소설","X",18
"어린 왕자","생 텍쥐페리",0,0,"프랑스소설","X",18
"어린 왕자","생 텍쥐페리",0,0,"프랑스소설","X",18
"어린 왕자","생 텍쥐페리",8,13,"프랑스소설","X",18
"어린 왕자","생 텍쥐페리",0,0,"프랑스소설","X",18
"어린 왕자","생 텍쥐페리",8,140,"프랑스소설","X",18
"어린 왕자","생 텍쥐페리",0,0,"프랑스소설","X",18
"어린 왕자","생 텍쥐페리",8,17,"프랑스소설","X",18
"어린 왕자","생 텍쥐페리",0,0,"프랑스소설","X",18
"어린 왕자","생 텍쥐페리",9,1,"프랑스소설","X",18
"어린 왕자","생 텍쥐페리",10,8,"프랑스소설","X",18
"어린 왕자","생 텍쥐페리",8,4,"프랑스소설","X",18
"어린 왕자","생 텍쥐페리",0,0,"프랑스소설","X",18
"어린 왕자","생 텍쥐페리 원",0,0,"프랑스소설","X",14
"어린 왕자","생 텍쥐페리 원",0,0,"프랑스소설","X",14
"어린 왕자","생 텍쥐페리 원",9,8,"프랑스소설","X",14
"어린 왕자","생 텍쥐페리 원",0,0,"프랑스소설","X",14
"어린 왕자","생 텍쥐페리 원",9,2,"프랑스소설","X",14
"어린 왕자","생 텍쥐페리 원",9,4,"프랑스소설","X",14
"어린 왕자","생 텍쥐페리 원",0,0,"프랑스소설","X",14
"어린 왕자","생 텍쥐페리 원",8,8,"프랑스소설","X",14
"어린 왕자","생 텍쥐페리 원",0,0,"프랑스소설","X",14
"어린 왕자","생 텍쥐페리 원",0,0,"프랑스소설","X",14
"어린 왕자","생 텍쥐페리 원",0,0,"프랑스소설","X",14
"어린 왕자","생 텍쥐페리 원",0,0,"프랑스소설","X",14
"어린 왕자","생 텍쥐페리 원",0,0,"프랑스소설","X",14
"어린 왕자","생 텍쥐페리 원",0,0,"프랑스소설","X",14
"어린왕자","생 텍쥐페리",0,0,"프랑스소설","X",12
"어린왕자","생 텍쥐페리",0,0,"프랑스소설","X",12
"어린왕자","생 텍쥐페리",0,0,"프랑스소설","X",12
"어린왕자","생 텍쥐페리",8,19,"프랑스소설","X",12
"어린왕자","생 텍쥐페리",0,0,"프랑스소설","X",12
"어린왕자","생 텍쥐페리",8,10,"프랑스소설","X",12
"어린왕자","생 텍쥐페리",0,0,"프랑스소설","X",12
"어린왕자","생 텍쥐페리",8,4,"프랑스소설","X",12
"어린왕자","생 텍쥐페리",8,6,"프랑스소설","X",12
"어린왕자","생 텍쥐페리",8,1,"프랑스소설","X",12
"어린왕자","생 텍쥐페리",6,1,"프랑스소설","X",12
"어린왕자","생 텍쥐페리",10,2,"프랑스소설","X",12
"어린왕자","생 텍쥐페리 원",8,12,"프랑스소설","X",6
"어린왕자","생 텍쥐페리 원",10,2,"프랑스소설","X",6
"어린왕자","생 텍쥐페리 원",8,9,"프랑스소설","X",6
"어린왕자","생 텍쥐페리 원",0,0,"프랑스소설","X",6
"어린왕자","생 텍쥐페리 원",0,0,"프랑스소설","X",6
"어린왕자","생 텍쥐페리 원",8,2,"프랑스소설","X",6
"어머니","막심 고리키",0,0,"러시아소설","X",5
"어머니","막심 고리키",8,5,"러시아소설","X",5
"어머니","막심 고리키",8,12,"러시아소설","X",5
"어머니","막심 고리키",9,1,"러시아소설","X",5
"어머니","막심 고리키",0,0,"러시아소설","X",5
"여자의 일생","기 드 모파상",8,5,"프랑스소설","X",16
"여자의 일생","기 드 모파상",0,0,"프랑스소설","X",16
"여자의 일생","기 드 모파상",0,0,"프랑스소설","X",16
"여자의 일생","기 드 모파상",0,0,"프랑스소설","X",16
"여자의 일생","기 드 모파상",0,0,"프랑스소설","X",16
"여자의 일생","기 드 모파상",0,0,"프랑스소설","X",16
"여자의 일생","기 드 모파상",8,5,"프랑스소설","X",16
"여자의 일생","기 드 모파상",8,1,"프랑스소설","X",16
"여자의 일생","기 드 모파상",7,3,"프랑스소설","X",16
"여자의 일생","기 드 모파상",0,0,"프랑스소설","X",16
"여자의 일생","기 드 모파상",0,0,"프랑스소설","X",16
"여자의 일생","기 드 모파상",7,2,"프랑스소설","X",16
"여자의 일생","기 드 모파상",8,1,"프랑스소설","X",16
"여자의 일생","기 드 모파상",6,1,"프랑스소설","X",16
"여자의 일생","기 드 모파상",6,1,"프랑스소설","X",16
"여자의 일생","기 드 모파상",7,4,"프랑스소설","X",16
"열린책들 창립 30주년 기념 대표 작가 12인 세트","폴 오스터, 니코스 카잔차키스, 베르나르 베르베르, 움베르토 에코, 도스토예프스키",8,10,"한국소설","X",7
"열린책들 창립 30주년 기념 대표 작가 12인 세트","폴 오스터, 니코스 카잔차키스, 베르나르 베르베르, 움베르토 에코, 도스토예프스키",8,10,"영미소설","X",7
"열린책들 창립 30주년 기념 대표 작가 12인 세트","폴 오스터, 니코스 카잔차키스, 베르나르 베르베르, 움베르토 에코, 도스토예프스키",8,10,"프랑스소설","X",7
"열린책들 창립 30주년 기념 대표 작가 12인 세트","폴 오스터, 니코스 카잔차키스, 베르나르 베르베르, 움베르토 에코, 도스토예프스키",8,10,"독일소설","X",7
"열린책들 창립 30주년 기념 대표 작가 12인 세트","폴 오스터, 니코스 카잔차키스, 베르나르 베르베르, 움베르토 에코, 도스토예프스키",8,10,"러시아소설","X",7
"열린책들 창립 30주년 기념 대표 작가 12인 세트","폴 오스터, 니코스 카잔차키스, 베르나르 베르베르, 움베르토 에코, 도스토예프스키",8,10,"이탈리아소설","X",7
"열린책들 창립 30주년 기념 대표 작가 12인 세트","폴 오스터, 니코스 카잔차키스, 베르나르 베르베르, 움베르토 에코, 도스토예프스키",8,10,"기타 국가의 소설","X",7
"예언자","칼릴 지브란",0,0,"영미소설","X",5
"예언자","칼릴 지브란",0,0,"영미소설","X",5
"예언자","칼릴 지브란",0,0,"영미소설","X",5
"예언자","칼릴 지브란",8,1,"영미소설","X",5
"예언자","칼릴 지브란",0,0,"기타 국가의 소설","X",5
"오 헨리 단편선","오 헨리",0,0,"영미소설","X",5
"오 헨리 단편선","오 헨리",0,0,"영미소설","X",5
"오 헨리 단편선","오 헨리",0,0,"영미소설","X",5
"오 헨리 단편선","오 헨리",9,4,"영미소설","X",5
"오 헨리 단편선","오 헨리",8,1,"영미소설","X",5
"오리엔트 특급살인","애거사 크리스티",8,26,"x","추리",5
"오리엔트 특급살인","애거사 크리스티",7,26,"x","추리",5
"오리엔트 특급살인","애거사 크리스티",8,26,"x","공포",5
"오리엔트 특급살인","애거사 크리스티",7,26,"x","공포",5
"오리엔트 특급살인","애거사 크리스티",7,26,"영미소설","X",5
"오만과 편견","제인 오스틴",8,72,"영미소설","X",25
"오만과 편견","제인 오스틴",8,5,"영미소설","X",25
"오만과 편견","제인 오스틴",8,4,"영미소설","X",25
"오만과 편견","제인 오스틴",8,9,"영미소설","X",25
"오만과 편견","제인 오스틴",0,0,"영미소설","X",25
"오만과 편견","제인 오스틴",0,0,"영미소설","X",25
"오만과 편견","제인 오스틴",5,2,"영미소설","X",25
"오만과 편견","제인 오스틴",0,0,"영미소설","X",25
"오만과 편견","제인 오스틴",0,0,"영미소설","X",25
"오만과 편견","제인 오스틴",8,10,"영미소설","X",25
"오만과 편견","제인 오스틴",0,0,"영미소설","X",25
"오만과 편견","제인 오스틴",8,12,"영미소설","X",25
"오만과 편견","제인 오스틴",9,9,"영미소설","X",25
"오만과 편견","제인 오스틴",0,0,"영미소설","X",25
"오만과 편견","제인 오스틴",10,1,"영미소설","X",25
"오만과 편견","제인 오스틴",9,1,"영미소설","X",25
"오만과 편견","제인 오스틴",0,0,"영미소설","X",25
"오만과 편견","제인 오스틴",0,0,"영미소설","X",25
"오만과 편견","제인 오스틴",0,0,"영미소설","X",25
"오만과 편견","제인 오스틴",0,0,"영미소설","X",25
"오만과 편견","제인 오스틴",0,0,"영미소설","X",25
"오만과 편견","제인 오스틴",0,0,"영미소설","X",25
"오만과 편견","제인 오스틴",8,10,"영미소설","X",25
"오만과 편견","제인 오스틴",8,1,"영미소설","X",25
"오만과 편견","제인 오스틴",8,2,"영미소설","X",25
"오즈의 마법사","L. 프랭크 바움",8,9,"한국소설","X",6
"오즈의 마법사","L. 프랭크 바움",8,7,"영미소설","X",6
"오즈의 마법사","L. 프랭크 바움",0,0,"영미소설","X",6
"오즈의 마법사","L. 프랭크 바움",0,0,"영미소설","X",6
"오즈의 마법사","L. 프랭크 바움",0,0,"영미소설","X",6
"오즈의 마법사","L. 프랭크 바움",0,0,"영미소설","X",6
"오페라의 유령","가스통 르루",8,4,"x","추리",11
"오페라의 유령","가스통 르루",8,4,"x","공포",11
"오페라의 유령","가스통 르루",8,11,"영미소설","X",11
"오페라의 유령","가스통 르루",0,0,"프랑스소설","X",11
"오페라의 유령","가스통 르루",8,16,"프랑스소설","X",11
"오페라의 유령","가스통 르루",0,0,"프랑스소설","X",11
"오페라의 유령","가스통 르루",8,2,"프랑스소설","X",11
"오페라의 유령","가스통 르루",8,4,"프랑스소설","X",11
"오페라의 유령","가스통 르루",8,62,"프랑스소설","X",11
"오페라의 유령","가스통 르루",8,1,"프랑스소설","X",11
"오페라의 유령","가스통 르루",0,0,"기타 국가의 소설","X",11
"우리 시대의 영웅","미하일 레르몬토프",0,0,"러시아소설","X",5
"우리 시대의 영웅","미하일 레르몬토프",0,0,"러시아소설","X",5
"우리 시대의 영웅","미하일 레르몬토프",0,0,"러시아소설","X",5
"우리 시대의 영웅","미하일 레르몬토프",10,1,"러시아소설","X",5
"우리 시대의 영웅","미하일 레르몬토프",0,0,"러시아소설","X",5
"움직이는 손가락","애거사 크리스티",7,11,"x","추리",7
"움직이는 손가락","애거사 크리스티",8,6,"x","추리",7
"움직이는 손가락","애거사 크리스티",0,0,"x","추리",7
"움직이는 손가락","애거사 크리스티",8,6,"x","공포",7
"움직이는 손가락","애거사 크리스티",7,11,"x","공포",7
"움직이는 손가락","애거사 크리스티",0,0,"x","공포",7
"움직이는 손가락","애거사 크리스티",8,7,"영미소설","X",7
"위대한 개츠비","스콧 피츠제럴드",8,28,"영미소설","X",36
"위대한 개츠비","스콧 피츠제럴드",8,11,"영미소설","X",36
"위대한 개츠비","스콧 피츠제럴드",0,0,"영미소설","X",36
"위대한 개츠비","스콧 피츠제럴드",10,4,"영미소설","X",36
"위대한 개츠비","스콧 피츠제럴드",0,0,"영미소설","X",36
"위대한 개츠비","스콧 피츠제럴드",0,0,"영미소설","X",36
"위대한 개츠비","스콧 피츠제럴드",0,0,"영미소설","X",36
"위대한 개츠비","스콧 피츠제럴드",8,29,"영미소설","X",36
"위대한 개츠비","스콧 피츠제럴드",0,0,"영미소설","X",36
"위대한 개츠비","스콧 피츠제럴드",8,3,"영미소설","X",36
"위대한 개츠비","스콧 피츠제럴드",0,0,"영미소설","X",36
"위대한 개츠비","스콧 피츠제럴드",0,0,"영미소설","X",36
"위대한 개츠비","스콧 피츠제럴드",0,0,"영미소설","X",36
"위대한 개츠비","스콧 피츠제럴드",8,1,"영미소설","X",36
"위대한 개츠비","스콧 피츠제럴드",0,0,"영미소설","X",36
"위대한 개츠비","스콧 피츠제럴드",0,0,"영미소설","X",36
"위대한 개츠비","스콧 피츠제럴드",0,0,"영미소설","X",36
"위대한 개츠비","스콧 피츠제럴드",0,0,"영미소설","X",36
"위대한 개츠비","스콧 피츠제럴드",9,3,"영미소설","X",36
"위대한 개츠비","스콧 피츠제럴드",0,0,"영미소설","X",36
"위대한 개츠비","스콧 피츠제럴드",0,0,"영미소설","X",36
"위대한 개츠비","스콧 피츠제럴드",9,1,"영미소설","X",36
"위대한 개츠비","스콧 피츠제럴드",10,2,"영미소설","X",36
"위대한 개츠비","스콧 피츠제럴드",8,11,"영미소설","X",36
"위대한 개츠비","스콧 피츠제럴드",0,0,"영미소설","X",36
"위대한 개츠비","스콧 피츠제럴드",0,0,"영미소설","X",36
"위대한 개츠비","스콧 피츠제럴드",0,0,"영미소설","X",36
"위대한 개츠비","스콧 피츠제럴드",9,7,"영미소설","X",36
"위대한 개츠비","스콧 피츠제럴드",0,0,"영미소설","X",36
"위대한 개츠비","스콧 피츠제럴드",10,1,"영미소설","X",36
"위대한 개츠비","스콧 피츠제럴드",0,0,"영미소설","X",36
"위대한 개츠비","스콧 피츠제럴드",8,6,"영미소설","X",36
"위대한 개츠비","스콧 피츠제럴드",7,2,"영미소설","X",36
"위대한 개츠비","스콧 피츠제럴드",0,0,"영미소설","X",36
"위대한 개츠비","스콧 피츠제럴드",0,0,"영미소설","X",36
"위대한 개츠비","스콧 피츠제럴드",8,5,"영미소설","X",36
"이방인","알베르 까뮈",8,12,"프랑스소설","X",27
"이방인","알베르 까뮈",9,1,"프랑스소설","X",27
"이방인","알베르 까뮈",10,5,"프랑스소설","X",27
"이방인","알베르 까뮈",0,0,"프랑스소설","X",27
"이방인","알베르 까뮈",8,14,"프랑스소설","X",27
"이방인","알베르 까뮈",0,0,"프랑스소설","X",27
"이방인","알베르 까뮈",9,3,"프랑스소설","X",27
"이방인","알베르 까뮈",0,0,"프랑스소설","X",27
"이방인","알베르 까뮈",0,0,"프랑스소설","X",27
"이방인","알베르 까뮈",0,0,"프랑스소설","X",27
"이방인","알베르 까뮈",8,2,"프랑스소설","X",27
"이방인","알베르 까뮈",10,3,"프랑스소설","X",27
"이방인","알베르 까뮈",9,1,"프랑스소설","X",27
"이방인","알베르 까뮈",0,0,"프랑스소설","X",27
"이방인","알베르 까뮈",8,4,"프랑스소설","X",27
"이방인","알베르 까뮈",0,0,"프랑스소설","X",27
"이방인","알베르 까뮈",0,0,"프랑스소설","X",27
"이방인","알베르 까뮈",10,1,"프랑스소설","X",27
"이방인","알베르 까뮈",0,0,"프랑스소설","X",27
"이방인","알베르 까뮈",8,81,"프랑스소설","X",27
"이방인","알베르 까뮈",8,7,"프랑스소설","X",27
"이방인","알베르 까뮈",0,0,"프랑스소설","X",27
"이방인","알베르 까뮈",7,2,"프랑스소설","X",27
"이방인","알베르 까뮈",0,0,"독일소설","X",27
"이방인","알베르 까뮈",8,1,"프랑스소설","X",27
"이방인","알베르 까뮈",7,2,"프랑스소설","X",27
"이방인","알베르 까뮈",8,13,"독일소설","X",27
"이상한 나라의 앨리스","루이스 캐롤",7,7,"영미소설","X",15
"이상한 나라의 앨리스","루이스 캐롤",10,1,"영미소설","X",15
"이상한 나라의 앨리스","루이스 캐롤",9,1,"영미소설","X",15
"이상한 나라의 앨리스","루이스 캐롤",0,0,"영미소설","X",15
"이상한 나라의 앨리스","루이스 캐롤",0,0,"영미소설","X",15
"이상한 나라의 앨리스","루이스 캐롤",0,0,"영미소설","X",15
"이상한 나라의 앨리스","루이스 캐롤",0,0,"영미소설","X",15
"이상한 나라의 앨리스","루이스 캐롤",0,0,"영미소설","X",15
"이상한 나라의 앨리스","루이스 캐롤",0,0,"영미소설","X",15
"이상한 나라의 앨리스","루이스 캐롤",8,2,"영미소설","X",15
"이상한 나라의 앨리스","루이스 캐롤",4,1,"영미소설","X",15
"이상한 나라의 앨리스","루이스 캐롤",0,0,"영미소설","X",15
"이상한 나라의 앨리스","루이스 캐롤",0,0,"영미소설","X",15
"이상한 나라의 앨리스","루이스 캐롤",0,0,"영미소설","X",15
"이상한 나라의 앨리스","루이스 캐롤",0,0,"영미소설","X",15
"이집트 십자가의 비밀","엘러리 퀸",9,1,"x","추리",6
"이집트 십자가의 비밀","엘러리 퀸",8,3,"x","추리",6
"이집트 십자가의 비밀","엘러리 퀸",7,7,"x","추리",6
"이집트 십자가의 비밀","엘러리 퀸",9,1,"x","공포",6
"이집트 십자가의 비밀","엘러리 퀸",8,3,"x","공포",6
"이집트 십자가의 비밀","엘러리 퀸",7,7,"x","공포",6
"인간 실격","다자이 오사무",8,169,"일본소설","X",14
"인간 실격","다자이 오사무",0,0,"일본소설","X",14
"인간 실격","다자이 오사무",8,19,"일본소설","X",14
"인간 실격","다자이 오사무",0,0,"일본소설","X",14
"인간 실격","다자이 오사무",0,0,"일본소설","X",14
"인간 실격","다자이 오사무",0,0,"일본소설","X",14
"인간 실격","다자이 오사무",8,13,"일본소설","X",14
"인간 실격","다자이 오사무",0,0,"일본소설","X",14
"인간 실격","다자이 오사무",10,6,"일본소설","X",14
"인간 실격","다자이 오사무",10,4,"일본소설","X",14
"인간 실격","다자이 오사무",0,0,"일본소설","X",14
"인간 실격","다자이 오사무",0,0,"일본소설","X",14
"인간 실격","다자이 오사무",8,2,"일본소설","X",14
"인간 실격","다자이 오사무",8,87,"일본소설","X",14
"인간실격","다자이 오사무",8,5,"일본소설","X",5
"인간실격","다자이 오사무",0,0,"일본소설","X",5
"인간실격","다자이 오사무",0,0,"일본소설","X",5
"인간실격","다자이 오사무",0,0,"일본소설","X",5
"인간실격","다자이 오사무",0,0,"일본소설","X",5
"인형의 집","헨릭 입센",0,0,"영미소설","X",8
"인형의 집","헨릭 입센",8,5,"북유럽소설","X",8
"인형의 집","헨릭 입센",8,3,"북유럽소설","X",8
"인형의 집","헨릭 입센",7,3,"북유럽소설","X",8
"인형의 집","헨릭 입센",6,1,"북유럽소설","X",8
"인형의 집","헨릭 입센",5,3,"북유럽소설","X",8
"인형의 집","헨릭 입센",5,3,"기타 국가의 소설","X",8
"인형의 집","헨릭 입센",8,4,"기타 국가의 소설","X",8
"잠자는 살인","애거사 크리스티",8,6,"x","추리",5
"잠자는 살인","애거사 크리스티",8,2,"x","추리",5
"잠자는 살인","애거사 크리스티",0,0,"x","추리",5
"잠자는 살인","애거사 크리스티",8,6,"x","공포",5
"잠자는 살인","애거사 크리스티",0,0,"x","공포",5
"장례식을 마치고","애거사 크리스티",9,1,"x","추리",6
"장례식을 마치고","애거사 크리스티",10,1,"x","추리",6
"장례식을 마치고","애거사 크리스티",7,1,"x","추리",6
"장례식을 마치고","애거사 크리스티",7,10,"x","추리",6
"장례식을 마치고","애거사 크리스티",7,1,"x","공포",6
"장례식을 마치고","애거사 크리스티",7,10,"x","공포",6
"재앙의 거리","엘러리 퀸",8,14,"x","추리",5
"재앙의 거리","엘러리 퀸",7,4,"x","추리",5
"재앙의 거리","엘러리 퀸",7,4,"x","공포",5
"재앙의 거리","엘러리 퀸",8,14,"x","스릴러",5
"재앙의 거리","엘러리 퀸",8,14,"영미소설","X",5
"적과 흑 1","스탕달",0,0,"프랑스소설","X",5
"적과 흑 1","스탕달",0,0,"프랑스소설","X",5
"적과 흑 1","스탕달",8,18,"프랑스소설","X",5
"적과 흑 1","스탕달",8,1,"프랑스소설","X",5
"적과 흑 1","스탕달",8,18,"프랑스소설","X",5
"적과 흑 2","스탕달",0,0,"프랑스소설","X",5
"적과 흑 2","스탕달",0,0,"프랑스소설","X",5
"적과 흑 2","스탕달",8,8,"프랑스소설","X",5
"적과 흑 2","스탕달",0,0,"프랑스소설","X",5
"적과 흑 2","스탕달",8,10,"프랑스소설","X",5
"적과 흑","스탕달",8,1,"프랑스소설","X",7
"적과 흑","스탕달",0,0,"프랑스소설","X",7
"적과 흑","스탕달",8,6,"프랑스소설","X",7
"적과 흑","스탕달",0,0,"프랑스소설","X",7
"적과 흑","스탕달",6,2,"프랑스소설","X",7
"적과 흑","스탕달",10,1,"프랑스소설","X",7
"적과 흑","스탕달",8,4,"프랑스소설","X",7
"전쟁과 평화 1","레프 톨스토이",8,19,"러시아소설","X",6
"전쟁과 평화 1","레프 톨스토이",10,1,"러시아소설","X",6
"전쟁과 평화 1","레프 톨스토이",8,4,"러시아소설","X",6
"전쟁과 평화 1","레프 톨스토이",6,5,"러시아소설","X",6
"전쟁과 평화 1","레프 톨스토이",9,1,"러시아소설","X",6
"전쟁과 평화 1","레프 톨스토이",6,3,"러시아소설","X",6
"전쟁과 평화 2","레프 톨스토이",8,9,"러시아소설","X",6
"전쟁과 평화 2","레프 톨스토이",0,0,"러시아소설","X",6
"전쟁과 평화 2","레프 톨스토이",10,3,"러시아소설","X",6
"전쟁과 평화 2","레프 톨스토이",8,2,"러시아소설","X",6
"전쟁과 평화 2","레프 톨스토이",0,0,"러시아소설","X",6
"전쟁과 평화 2","레프 톨스토이",5,3,"러시아소설","X",6
"전쟁과 평화 3","레프 톨스토이",8,7,"러시아소설","X",5
"전쟁과 평화 3","레프 톨스토이",0,0,"러시아소설","X",5
"전쟁과 평화 3","레프 톨스토이",10,1,"러시아소설","X",5
"전쟁과 평화 3","레프 톨스토이",8,1,"러시아소설","X",5
"전쟁과 평화 3","레프 톨스토이",0,0,"러시아소설","X",5
"젊은 베르테르의 슬픔","요한 볼프강 폰 괴테",7,6,"프랑스소설","X",39
"젊은 베르테르의 슬픔","요한 볼프강 폰 괴테",0,0,"독일소설","X",39
"젊은 베르테르의 슬픔","요한 볼프강 폰 괴테",8,12,"독일소설","X",39
"젊은 베르테르의 슬픔","요한 볼프강 폰 괴테",0,0,"독일소설","X",39
"젊은 베르테르의 슬픔","요한 볼프강 폰 괴테",8,9,"독일소설","X",39
"젊은 베르테르의 슬픔","요한 볼프강 폰 괴테",8,9,"독일소설","X",39
"젊은 베르테르의 슬픔","요한 볼프강 폰 괴테",0,0,"독일소설","X",39
"젊은 베르테르의 슬픔","요한 볼프강 폰 괴테",8,6,"독일소설","X",39
"젊은 베르테르의 슬픔","요한 볼프강 폰 괴테",10,5,"독일소설","X",39
"젊은 베르테르의 슬픔","요한 볼프강 폰 괴테",0,0,"독일소설","X",39
"젊은 베르테르의 슬픔","요한 볼프강 폰 괴테",0,0,"독일소설","X",39
"젊은 베르테르의 슬픔","요한 볼프강 폰 괴테",0,0,"독일소설","X",39
"젊은 베르테르의 슬픔","요한 볼프강 폰 괴테",0,0,"독일소설","X",39
"젊은 베르테르의 슬픔","요한 볼프강 폰 괴테",0,0,"독일소설","X",39
"젊은 베르테르의 슬픔","요한 볼프강 폰 괴테",0,0,"독일소설","X",39
"젊은 베르테르의 슬픔","요한 볼프강 폰 괴테",0,0,"독일소설","X",39
"젊은 베르테르의 슬픔","요한 볼프강 폰 괴테",0,0,"독일소설","X",39
"젊은 베르테르의 슬픔","요한 볼프강 폰 괴테",0,0,"독일소설","X",39
"젊은 베르테르의 슬픔","요한 볼프강 폰 괴테",0,0,"독일소설","X",39
"젊은 베르테르의 슬픔","요한 볼프강 폰 괴테",0,0,"독일소설","X",39
"젊은 베르테르의 슬픔","요한 볼프강 폰 괴테",0,0,"독일소설","X",39
"젊은 베르테르의 슬픔","요한 볼프강 폰 괴테",8,19,"독일소설","X",39
"젊은 베르테르의 슬픔","요한 볼프강 폰 괴테",8,1,"독일소설","X",39
"젊은 베르테르의 슬픔","요한 볼프강 폰 괴테",8,4,"독일소설","X",39
"젊은 베르테르의 슬픔","요한 볼프강 폰 괴테",8,9,"독일소설","X",39
"젊은 베르테르의 슬픔","요한 볼프강 폰 괴테",0,0,"독일소설","X",39
"젊은 베르테르의 슬픔","요한 볼프강 폰 괴테",0,0,"독일소설","X",39
"젊은 베르테르의 슬픔","요한 볼프강 폰 괴테",0,0,"독일소설","X",39
"젊은 베르테르의 슬픔","요한 볼프강 폰 괴테",8,3,"독일소설","X",39
"젊은 베르테르의 슬픔","요한 볼프강 폰 괴테",0,0,"독일소설","X",39
"젊은 베르테르의 슬픔","요한 볼프강 폰 괴테",10,1,"독일소설","X",39
"젊은 베르테르의 슬픔","요한 볼프강 폰 괴테",0,0,"독일소설","X",39
"젊은 베르테르의 슬픔","요한 볼프강 폰 괴테",10,1,"독일소설","X",39
"젊은 베르테르의 슬픔","요한 볼프강 폰 괴테",10,1,"독일소설","X",39
"젊은 베르테르의 슬픔","요한 볼프강 폰 괴테",0,0,"독일소설","X",39
"젊은 베르테르의 슬픔","요한 볼프강 폰 괴테",9,2,"독일소설","X",39
"젊은 베르테르의 슬픔","요한 볼프강 폰 괴테",8,2,"독일소설","X",39
"젊은 베르테르의 슬픔","요한 볼프강 폰 괴테",7,2,"독일소설","X",39
"젊은 베르테르의 슬픔","요한 볼프강 폰 괴테",8,99,"독일소설","X",39
"젊은 예술가의 초상","제임스 조이스",8,16,"영미소설","X",8
"젊은 예술가의 초상","제임스 조이스",0,0,"영미소설","X",8
"젊은 예술가의 초상","제임스 조이스",0,0,"영미소설","X",8
"젊은 예술가의 초상","제임스 조이스",0,0,"영미소설","X",8
"젊은 예술가의 초상","제임스 조이스",8,4,"영미소설","X",8
"젊은 예술가의 초상","제임스 조이스",0,0,"북유럽소설","X",8
"젊은 예술가의 초상","제임스 조이스",7,12,"북유럽소설","X",8
"젊은 예술가의 초상","제임스 조이스",0,0,"북유럽소설","X",8
"좁은 문","앙드레 지드",0,0,"프랑스소설","X",8
"좁은 문","앙드레 지드",8,2,"프랑스소설","X",8
"좁은 문","앙드레 지드",0,0,"프랑스소설","X",8
"좁은 문","앙드레 지드",8,20,"프랑스소설","X",8
"좁은 문","앙드레 지드",0,0,"프랑스소설","X",8
"좁은 문","앙드레 지드",0,0,"프랑스소설","X",8
"좁은 문","앙드레 지드",0,0,"프랑스소설","X",8
"좁은 문","앙드레 지드",6,3,"프랑스소설","X",8
"죄와 벌","도스토예프스키",7,18,"러시아소설","X",9
"죄와 벌","도스토예프스키",0,0,"러시아소설","X",9
"죄와 벌","도스토예프스키",0,0,"러시아소설","X",9
"죄와 벌","도스토예프스키",0,0,"러시아소설","X",9
"죄와 벌","도스토예프스키",8,1,"러시아소설","X",9
"죄와 벌","도스토예프스키",8,6,"러시아소설","X",9
"죄와 벌","도스토예프스키",7,4,"러시아소설","X",9
"죄와 벌","도스토예프스키",0,0,"러시아소설","X",9
"죄와 벌","도스토예프스키",6,2,"러시아소설","X",9
"주홍 글자","나다니엘 호손",8,19,"영미소설","X",5
"주홍 글자","나다니엘 호손",9,1,"영미소설","X",5
"주홍 글자","나다니엘 호손",10,1,"영미소설","X",5
"주홍 글자","나다니엘 호손",8,42,"영미소설","X",5
"주홍 글자","나다니엘 호손",0,0,"영미소설","X",5
"주홍색 연구","아서 코난 도일",0,0,"x","추리",12
"주홍색 연구","아서 코난 도일",0,0,"x","추리",12
"주홍색 연구","아서 코난 도일",0,0,"x","추리",12
"주홍색 연구","아서 코난 도일",8,1,"x","추리",12
"주홍색 연구","아서 코난 도일",0,0,"x","추리",12
"주홍색 연구","아서 코난 도일",0,0,"영미소설","X",12
"주홍색 연구","아서 코난 도일",0,0,"영미소설","X",12
"주홍색 연구","아서 코난 도일",0,0,"영미소설","X",12
"주홍색 연구","아서 코난 도일",9,1,"영미소설","X",12
"주홍색 연구","아서 코난 도일",0,0,"영미소설","X",12
"주홍색 연구","아서 코난 도일",0,0,"영미소설","X",12
"주홍색 연구","아서 코난 도일",8,1,"영미소설","X",12
"죽음과의 약속","애거사 크리스티",0,0,"x","추리",7
"죽음과의 약속","애거사 크리스티",8,2,"x","추리",7
"죽음과의 약속","애거사 크리스티",0,0,"x","추리",7
"죽음과의 약속","애거사 크리스티",6,12,"x","추리",7
"죽음과의 약속","애거사 크리스티",0,0,"x","공포",7
"죽음과의 약속","애거사 크리스티",6,12,"x","공포",7
"죽음과의 약속","애거사 크리스티",8,2,"영미소설","X",7
"쥐덫","애거사 크리스티",7,11,"x","추리",8
"쥐덫","애거사 크리스티",8,7,"x","추리",8
"쥐덫","애거사 크리스티",0,0,"x","추리",8
"쥐덫","애거사 크리스티",7,18,"x","추리",8
"쥐덫","애거사 크리스티",7,11,"x","공포",8
"쥐덫","애거사 크리스티",0,0,"x","공포",8
"쥐덫","애거사 크리스티",7,18,"x","공포",8
"쥐덫","애거사 크리스티",8,7,"영미소설","X",8
"지킬 박사와 하이드 씨","로버트 루이스 스티븐슨",0,0,"x","추리",6
"지킬 박사와 하이드 씨","로버트 루이스 스티븐슨",8,4,"영미소설","X",6
"지킬 박사와 하이드 씨","로버트 루이스 스티븐슨",0,0,"영미소설","X",6
"지킬 박사와 하이드 씨","로버트 루이스 스티븐슨",0,0,"영미소설","X",6
"지킬 박사와 하이드 씨","로버트 루이스 스티븐슨",0,0,"영미소설","X",6
"지킬 박사와 하이드 씨","로버트 루이스 스티븐슨",0,0,"영미소설","X",6
"차라투스트라는 이렇게 말했다","프리드리히 니체",8,16,"독일소설","X",6
"차라투스트라는 이렇게 말했다","프리드리히 니체",10,2,"독일소설","X",6
"차라투스트라는 이렇게 말했다","프리드리히 니체",0,0,"독일소설","X",6
"차라투스트라는 이렇게 말했다","프리드리히 니체",0,0,"독일소설","X",6
"차라투스트라는 이렇게 말했다","프리드리히 니체",8,43,"독일소설","X",6
"차라투스트라는 이렇게 말했다","프리드리히 니체",8,16,"기타 국가의 소설","X",6
"첫사랑","이반 투르게네프",8,32,"러시아소설","X",5
"첫사랑","이반 투르게네프",0,0,"러시아소설","X",5
"첫사랑","이반 투르게네프",0,0,"러시아소설","X",5
"첫사랑","이반 투르게네프",0,0,"러시아소설","X",5
"첫사랑","이반 투르게네프",0,0,"러시아소설","X",5
"첫사랑","투르게네프",0,0,"러시아소설","X",6
"첫사랑","투르게네프",0,0,"러시아소설","X",6
"첫사랑","투르게네프",10,1,"러시아소설","X",6
"첫사랑","투르게네프",8,1,"러시아소설","X",6
"첫사랑","투르게네프",7,3,"러시아소설","X",6
"첫사랑","투르게네프",7,3,"기타 국가의 소설","X",6
"커튼","애거사 크리스티",0,0,"x","추리",5
"커튼","애거사 크리스티",8,4,"x","추리",5
"커튼","애거사 크리스티",7,17,"x","추리",5
"커튼","애거사 크리스티",8,4,"x","공포",5
"커튼","애거사 크리스티",7,17,"x","공포",5
"크리스마스 캐럴","찰스 디킨스",10,1,"영미소설","X",8
"크리스마스 캐럴","찰스 디킨스",10,2,"영미소설","X",8
"크리스마스 캐럴","찰스 디킨스",8,22,"영미소설","X",8
"크리스마스 캐럴","찰스 디킨스",8,22,"영미소설","X",8
"크리스마스 캐럴","찰스 디킨스",10,2,"영미소설","X",8
"크리스마스 캐럴","찰스 디킨스",0,0,"영미소설","X",8
"크리스마스 캐럴","찰스 디킨스",0,0,"영미소설","X",8
"크리스마스 캐럴","찰스 디킨스",0,0,"영미소설","X",8
"키다리 아저씨","진 웹스터",8,28,"영미소설","X",10
"키다리 아저씨","진 웹스터",8,26,"영미소설","X",10
"키다리 아저씨","진 웹스터",0,0,"영미소설","X",10
"키다리 아저씨","진 웹스터",0,0,"영미소설","X",10
"키다리 아저씨","진 웹스터",0,0,"영미소설","X",10
"키다리 아저씨","진 웹스터",0,0,"영미소설","X",10
"키다리 아저씨","진 웹스터",0,0,"영미소설","X",10
"키다리 아저씨","진 웹스터",0,0,"영미소설","X",10
"키다리 아저씨","진 웹스터",0,0,"영미소설","X",10
"키다리 아저씨","진 웹스터",0,0,"영미소설","X",10
"파우스트","요한 볼프강 폰 괴테",8,19,"독일소설","X",13
"파우스트","요한 볼프강 폰 괴테",0,0,"독일소설","X",13
"파우스트","요한 볼프강 폰 괴테",0,0,"독일소설","X",13
"파우스트","요한 볼프강 폰 괴테",8,3,"독일소설","X",13
"파우스트","요한 볼프강 폰 괴테",0,0,"독일소설","X",13
"파우스트","요한 볼프강 폰 괴테",0,0,"독일소설","X",13
"파우스트","요한 볼프강 폰 괴테",8,8,"독일소설","X",13
"파우스트","요한 볼프강 폰 괴테",7,3,"독일소설","X",13
"파우스트","요한 볼프강 폰 괴테",6,1,"독일소설","X",13
"파우스트","요한 볼프강 폰 괴테",8,1,"독일소설","X",13
"파우스트","요한 볼프강 폰 괴테",0,0,"독일소설","X",13
"파우스트","요한 볼프강 폰 괴테",7,2,"독일소설","X",13
"파우스트","요한 볼프강 폰 괴테",0,0,"이탈리아소설","X",13
"페스트","알베르 까뮈",8,4,"프랑스소설","X",12
"페스트","알베르 까뮈",0,0,"프랑스소설","X",12
"페스트","알베르 까뮈",6,2,"프랑스소설","X",12
"페스트","알베르 까뮈",9,6,"프랑스소설","X",12
"페스트","알베르 까뮈",0,0,"프랑스소설","X",12
"페스트","알베르 까뮈",8,36,"프랑스소설","X",12
"페스트","알베르 까뮈",0,0,"프랑스소설","X",12
"페스트","알베르 까뮈",0,0,"프랑스소설","X",12
"페스트","알베르 까뮈",8,12,"프랑스소설","X",12
"페스트","알베르 까뮈",8,34,"프랑스소설","X",12
"페스트","알베르 까뮈",7,7,"프랑스소설","X",12
"페스트","알베르 까뮈",8,12,"기타 국가의 소설","X",12
"폭풍의 언덕","에밀리 브론테",8,6,"영미소설","X",7
"폭풍의 언덕","에밀리 브론테",0,0,"영미소설","X",7
"폭풍의 언덕","에밀리 브론테",0,0,"영미소설","X",7
"폭풍의 언덕","에밀리 브론테",0,0,"영미소설","X",7
"폭풍의 언덕","에밀리 브론테",0,0,"영미소설","X",7
"폭풍의 언덕","에밀리 브론테",8,9,"영미소설","X",7
"폭풍의 언덕","에밀리 브론테",6,5,"독일소설","X",7
"프랑켄슈타인","메리 셸리",7,1,"x","추리",10
"프랑켄슈타인","메리 셸리",8,11,"x","공포",10
"프랑켄슈타인","메리 셸리",7,1,"x","공포",10
"프랑켄슈타인","메리 셸리",0,0,"x","공포",10
"프랑켄슈타인","메리 셸리",8,12,"x","스릴러",10
"프랑켄슈타인","메리 셸리",8,15,"영미소설","X",10
"프랑켄슈타인","메리 셸리",0,0,"영미소설","X",10
"프랑켄슈타인","메리 셸리",0,0,"영미소설","X",10
"프랑켄슈타인","메리 셸리",10,1,"영미소설","X",10
"프랑켄슈타인","메리 셸리",7,1,"영미소설","X",10
"홍당무","쥘 르나르",0,0,"프랑스소설","X",5
"홍당무","쥘 르나르",8,5,"프랑스소설","X",5
"홍당무","쥘 르나르",0,0,"프랑스소설","X",5
"홍당무","쥘 르나르",0,0,"프랑스소설","X",5
"홍당무","쥘 르나르",0,0,"프랑스소설","X",5
"환상의 여인","코넬 울리치",8,16,"x","추리",5
"환상의 여인","코넬 울리치",7,34,"x","추리",5
"환상의 여인","코넬 울리치",6,21,"x","추리",5
"환상의 여인","코넬 울리치",7,34,"x","공포",5
"환상의 여인","코넬 울리치",8,16,"영미소설","X",5
